{
    "loss": 0.49003270268440247,
    "accuracy": 0.9416666626930237
}