{
    "loss": 0.5128615498542786,
    "accuracy": 0.9291666746139526
}